id,fulfillment_number,quotation_id,customer_id,status,warehouse_strategy,shipping_address,requested_date,promised_date,shipped_date,delivered_date,tracking_number,created_at,updated_at
1,FO-0001,1,1,SHIPPED,MULTI_WAREHOUSE,"Distribution Hub 1, Industrial Park, City",2025-09-11 09:00:00,2025-09-18 09:00:00,2025-09-13 09:00:00,,TRK-0001-IND,2025-09-11 09:00:00,2025-09-11 09:00:00
2,FO-0002,2,2,SHIPPED,MULTI_WAREHOUSE,"Distribution Hub 2, Industrial Park, City",2025-09-14 09:00:00,2025-09-21 09:00:00,2025-09-16 09:00:00,,TRK-0002-IND,2025-09-14 09:00:00,2025-09-14 09:00:00
3,FO-0003,3,3,PARTIALLY_FULFILLED,MULTI_WAREHOUSE,"Distribution Hub 3, Industrial Park, City",2025-09-17 09:00:00,2025-09-24 09:00:00,2025-09-19 09:00:00,,TRK-0003-IND,2025-09-17 09:00:00,2025-09-17 09:00:00
4,FO-0004,4,4,SHIPPED,MULTI_WAREHOUSE,"Distribution Hub 4, Industrial Park, City",2025-09-20 09:00:00,2025-09-27 09:00:00,2025-09-22 09:00:00,,TRK-0004-IND,2025-09-20 09:00:00,2025-09-20 09:00:00
5,FO-0005,5,5,PARTIALLY_FULFILLED,MULTI_WAREHOUSE,"Distribution Hub 5, Industrial Park, City",2025-09-23 09:00:00,2025-09-30 09:00:00,2025-09-25 09:00:00,,TRK-0005-IND,2025-09-23 09:00:00,2025-09-23 09:00:00
6,FO-0006,6,6,SHIPPED,MULTI_WAREHOUSE,"Distribution Hub 6, Industrial Park, City",2025-09-26 09:00:00,2025-10-03 09:00:00,2025-09-28 09:00:00,,TRK-0006-IND,2025-09-26 09:00:00,2025-09-26 09:00:00
7,FO-0007,7,7,SHIPPED,MULTI_WAREHOUSE,"Distribution Hub 7, Industrial Park, City",2025-09-29 09:00:00,2025-10-06 09:00:00,2025-10-01 09:00:00,,TRK-0007-IND,2025-09-29 09:00:00,2025-09-29 09:00:00
8,FO-0008,8,8,PARTIALLY_FULFILLED,BACKORDER,"Distribution Hub 8, Industrial Park, City",2025-10-02 09:00:00,2025-10-09 09:00:00,2025-10-04 09:00:00,,TRK-0008-IND,2025-10-02 09:00:00,2025-10-02 09:00:00
9,FO-0009,9,9,PARTIALLY_FULFILLED,SINGLE_WAREHOUSE,"Distribution Hub 9, Industrial Park, City",2025-10-05 09:00:00,2025-10-12 09:00:00,2025-10-07 09:00:00,,TRK-0009-IND,2025-10-05 09:00:00,2025-10-05 09:00:00
10,FO-0010,10,10,ALLOCATED,SINGLE_WAREHOUSE,"Distribution Hub 10, Industrial Park, City",2025-10-08 09:00:00,2025-10-15 09:00:00,,,,2025-10-08 09:00:00,2025-10-08 09:00:00
11,FO-0011,11,11,PENDING,SINGLE_WAREHOUSE,"Distribution Hub 11, Industrial Park, City",2025-10-11 09:00:00,2025-10-18 09:00:00,,,,2025-10-11 09:00:00,2025-10-11 09:00:00
12,FO-0012,12,12,PARTIALLY_FULFILLED,BACKORDER,"Distribution Hub 12, Industrial Park, City",2025-10-14 09:00:00,2025-10-21 09:00:00,2025-10-16 09:00:00,,TRK-0012-IND,2025-10-14 09:00:00,2025-10-14 09:00:00
13,FO-0013,13,13,DELIVERED,SINGLE_WAREHOUSE,"Distribution Hub 13, Industrial Park, City",2025-10-17 09:00:00,2025-10-24 09:00:00,2025-10-19 09:00:00,2025-10-22 09:00:00,TRK-0013-IND,2025-10-17 09:00:00,2025-10-17 09:00:00
14,FO-0014,14,14,SHIPPED,SINGLE_WAREHOUSE,"Distribution Hub 14, Industrial Park, City",2025-10-20 09:00:00,2025-10-27 09:00:00,2025-10-22 09:00:00,,TRK-0014-IND,2025-10-20 09:00:00,2025-10-20 09:00:00
15,FO-0015,15,15,PARTIALLY_FULFILLED,SINGLE_WAREHOUSE,"Distribution Hub 15, Industrial Park, City",2025-10-23 09:00:00,2025-10-30 09:00:00,2025-10-25 09:00:00,,TRK-0015-IND,2025-10-23 09:00:00,2025-10-23 09:00:00
16,FO-0016,16,16,ALLOCATED,SINGLE_WAREHOUSE,"Distribution Hub 16, Industrial Park, City",2025-10-26 09:00:00,2025-11-02 09:00:00,,,,2025-10-26 09:00:00,2025-10-26 09:00:00
17,FO-0017,17,17,PENDING,SINGLE_WAREHOUSE,"Distribution Hub 17, Industrial Park, City",2025-10-29 09:00:00,2025-11-05 09:00:00,,,,2025-10-29 09:00:00,2025-10-29 09:00:00
18,FO-0018,18,18,BACKORDERED,SINGLE_WAREHOUSE,"Distribution Hub 18, Industrial Park, City",2025-11-01 09:00:00,2025-11-08 09:00:00,,,,2025-11-01 09:00:00,2025-11-01 09:00:00
19,FO-0019,19,19,DELIVERED,SINGLE_WAREHOUSE,"Distribution Hub 19, Industrial Park, City",2025-11-04 09:00:00,2025-11-11 09:00:00,2025-11-06 09:00:00,2025-11-09 09:00:00,TRK-0019-IND,2025-11-04 09:00:00,2025-11-04 09:00:00
20,FO-0020,20,20,SHIPPED,SINGLE_WAREHOUSE,"Distribution Hub 20, Industrial Park, City",2025-11-07 09:00:00,2025-11-14 09:00:00,2025-11-09 09:00:00,,TRK-0020-IND,2025-11-07 09:00:00,2025-11-07 09:00:00
21,FO-0021,21,21,PARTIALLY_FULFILLED,SINGLE_WAREHOUSE,"Distribution Hub 21, Industrial Park, City",2025-11-10 09:00:00,2025-11-17 09:00:00,2025-11-12 09:00:00,,TRK-0021-IND,2025-11-10 09:00:00,2025-11-10 09:00:00
22,FO-0022,22,22,ALLOCATED,SINGLE_WAREHOUSE,"Distribution Hub 22, Industrial Park, City",2025-11-13 09:00:00,2025-11-20 09:00:00,,,,2025-11-13 09:00:00,2025-11-13 09:00:00
23,FO-0023,23,23,PENDING,SINGLE_WAREHOUSE,"Distribution Hub 23, Industrial Park, City",2025-11-16 09:00:00,2025-11-23 09:00:00,,,,2025-11-16 09:00:00,2025-11-16 09:00:00
24,FO-0024,24,24,BACKORDERED,SINGLE_WAREHOUSE,"Distribution Hub 24, Industrial Park, City",2025-11-19 09:00:00,2025-11-26 09:00:00,,,,2025-11-19 09:00:00,2025-11-19 09:00:00
25,FO-0025,25,25,DELIVERED,SINGLE_WAREHOUSE,"Distribution Hub 25, Industrial Park, City",2025-11-22 09:00:00,2025-11-29 09:00:00,2025-11-24 09:00:00,2025-11-27 09:00:00,TRK-0025-IND,2025-11-22 09:00:00,2025-11-22 09:00:00
26,FO-0026,26,26,SHIPPED,SINGLE_WAREHOUSE,"Distribution Hub 26, Industrial Park, City",2025-11-25 09:00:00,2025-12-02 09:00:00,2025-11-27 09:00:00,,TRK-0026-IND,2025-11-25 09:00:00,2025-11-25 09:00:00
27,FO-0027,27,27,PARTIALLY_FULFILLED,SINGLE_WAREHOUSE,"Distribution Hub 27, Industrial Park, City",2025-11-28 09:00:00,2025-12-05 09:00:00,2025-11-30 09:00:00,,TRK-0027-IND,2025-11-28 09:00:00,2025-11-28 09:00:00
28,FO-0028,28,28,ALLOCATED,SINGLE_WAREHOUSE,"Distribution Hub 28, Industrial Park, City",2025-12-01 09:00:00,2025-12-08 09:00:00,,,,2025-12-01 09:00:00,2025-12-01 09:00:00
29,FO-0029,29,29,PENDING,SINGLE_WAREHOUSE,"Distribution Hub 29, Industrial Park, City",2025-12-04 09:00:00,2025-12-11 09:00:00,,,,2025-12-04 09:00:00,2025-12-04 09:00:00
30,FO-0030,30,30,BACKORDERED,SINGLE_WAREHOUSE,"Distribution Hub 30, Industrial Park, City",2025-12-07 09:00:00,2025-12-14 09:00:00,,,,2025-12-07 09:00:00,2025-12-07 09:00:00
31,FO-0031,31,31,DELIVERED,SINGLE_WAREHOUSE,"Distribution Hub 31, Industrial Park, City",2025-12-10 09:00:00,2025-12-17 09:00:00,2025-12-12 09:00:00,2025-12-15 09:00:00,TRK-0031-IND,2025-12-10 09:00:00,2025-12-10 09:00:00
32,FO-0032,32,32,SHIPPED,SINGLE_WAREHOUSE,"Distribution Hub 32, Industrial Park, City",2025-12-13 09:00:00,2025-12-20 09:00:00,2025-12-15 09:00:00,,TRK-0032-IND,2025-12-13 09:00:00,2025-12-13 09:00:00
33,FO-0033,33,33,PARTIALLY_FULFILLED,SINGLE_WAREHOUSE,"Distribution Hub 33, Industrial Park, City",2025-12-16 09:00:00,2025-12-23 09:00:00,2025-12-18 09:00:00,,TRK-0033-IND,2025-12-16 09:00:00,2025-12-16 09:00:00
34,FO-0034,34,34,ALLOCATED,SINGLE_WAREHOUSE,"Distribution Hub 34, Industrial Park, City",2025-12-19 09:00:00,2025-12-26 09:00:00,,,,2025-12-19 09:00:00,2025-12-19 09:00:00
35,FO-0035,35,35,PENDING,SINGLE_WAREHOUSE,"Distribution Hub 35, Industrial Park, City",2025-12-22 09:00:00,2025-12-29 09:00:00,,,,2025-12-22 09:00:00,2025-12-22 09:00:00
