id,warehouse_id,product_id,quantity_on_hand,quantity_reserved,quantity_available,reorder_level,reorder_quantity,unit_cost,stock_status,last_restocked_at,created_at,updated_at
1,1,1,60,5,55,10,40,840.0,IN_STOCK,2025-12-17 09:00:00,2025-01-01 09:00:00,2025-01-01 09:00:00
2,2,1,45,3,42,10,40,840.0,IN_STOCK,2025-12-17 09:00:00,2025-01-01 09:00:00,2025-01-01 09:00:00
3,1,2,60,5,55,10,40,1020.0,IN_STOCK,2025-12-17 09:00:00,2025-01-01 09:00:00,2025-01-01 09:00:00
4,2,2,45,3,42,10,40,1020.0,IN_STOCK,2025-12-17 09:00:00,2025-01-01 09:00:00,2025-01-01 09:00:00
5,1,3,60,5,55,10,40,1350.0,IN_STOCK,2025-12-17 09:00:00,2025-01-01 09:00:00,2025-01-01 09:00:00
6,2,3,45,3,42,10,40,1350.0,IN_STOCK,2025-12-17 09:00:00,2025-01-01 09:00:00,2025-01-01 09:00:00
7,1,4,30,4,26,10,40,150.0,IN_STOCK,2025-12-17 09:00:00,2025-01-01 09:00:00,2025-01-01 09:00:00
8,2,4,25,2,23,10,40,150.0,IN_STOCK,2025-12-17 09:00:00,2025-01-01 09:00:00,2025-01-01 09:00:00
9,1,5,30,4,26,10,40,240.0,IN_STOCK,2025-12-17 09:00:00,2025-01-01 09:00:00,2025-01-01 09:00:00
10,2,5,25,2,23,10,40,240.0,IN_STOCK,2025-12-17 09:00:00,2025-01-01 09:00:00,2025-01-01 09:00:00
11,1,6,30,4,26,10,40,400.0,IN_STOCK,2025-12-17 09:00:00,2025-01-01 09:00:00,2025-01-01 09:00:00
12,2,6,25,2,23,10,40,400.0,IN_STOCK,2025-12-17 09:00:00,2025-01-01 09:00:00,2025-01-01 09:00:00
13,1,7,30,4,26,10,40,40.0,IN_STOCK,2025-12-17 09:00:00,2025-01-01 09:00:00,2025-01-01 09:00:00
14,2,7,25,2,23,10,40,40.0,IN_STOCK,2025-12-17 09:00:00,2025-01-01 09:00:00,2025-01-01 09:00:00
15,1,8,60,5,55,10,40,75.0,IN_STOCK,2025-12-17 09:00:00,2025-01-01 09:00:00,2025-01-01 09:00:00
16,2,8,45,3,42,10,40,75.0,IN_STOCK,2025-12-17 09:00:00,2025-01-01 09:00:00,2025-01-01 09:00:00
17,1,9,30,4,26,10,40,120.0,IN_STOCK,2025-12-17 09:00:00,2025-01-01 09:00:00,2025-01-01 09:00:00
18,2,9,25,2,23,10,40,120.0,IN_STOCK,2025-12-17 09:00:00,2025-01-01 09:00:00,2025-01-01 09:00:00
19,1,10,15,2,13,10,40,340.0,IN_STOCK,2025-12-17 09:00:00,2025-01-01 09:00:00,2025-01-01 09:00:00
20,2,10,10,1,9,10,40,340.0,IN_STOCK,2025-12-17 09:00:00,2025-01-01 09:00:00,2025-01-01 09:00:00
21,1,11,15,2,13,10,40,530.0,IN_STOCK,2025-12-17 09:00:00,2025-01-01 09:00:00,2025-01-01 09:00:00
22,2,11,10,1,9,10,40,530.0,IN_STOCK,2025-12-17 09:00:00,2025-01-01 09:00:00,2025-01-01 09:00:00
23,1,12,15,2,13,10,40,820.0,IN_STOCK,2025-12-17 09:00:00,2025-01-01 09:00:00,2025-01-01 09:00:00
24,2,12,10,1,9,10,40,820.0,IN_STOCK,2025-12-17 09:00:00,2025-01-01 09:00:00,2025-01-01 09:00:00
25,1,13,60,5,55,10,40,18.0,IN_STOCK,2025-12-17 09:00:00,2025-01-01 09:00:00,2025-01-01 09:00:00
26,2,13,45,3,42,10,40,18.0,IN_STOCK,2025-12-17 09:00:00,2025-01-01 09:00:00,2025-01-01 09:00:00
27,1,14,30,4,26,10,40,45.0,IN_STOCK,2025-12-17 09:00:00,2025-01-01 09:00:00,2025-01-01 09:00:00
28,2,14,25,2,23,10,40,45.0,IN_STOCK,2025-12-17 09:00:00,2025-01-01 09:00:00,2025-01-01 09:00:00
29,1,15,60,5,55,10,40,95.0,IN_STOCK,2025-12-17 09:00:00,2025-01-01 09:00:00,2025-01-01 09:00:00
30,2,15,45,3,42,10,40,95.0,IN_STOCK,2025-12-17 09:00:00,2025-01-01 09:00:00,2025-01-01 09:00:00
31,1,16,30,4,26,10,40,25.0,IN_STOCK,2025-12-17 09:00:00,2025-01-01 09:00:00,2025-01-01 09:00:00
32,2,16,25,2,23,10,40,25.0,IN_STOCK,2025-12-17 09:00:00,2025-01-01 09:00:00,2025-01-01 09:00:00
33,1,17,30,4,26,10,40,55.0,IN_STOCK,2025-12-17 09:00:00,2025-01-01 09:00:00,2025-01-01 09:00:00
34,2,17,25,2,23,10,40,55.0,IN_STOCK,2025-12-17 09:00:00,2025-01-01 09:00:00,2025-01-01 09:00:00
35,1,18,30,4,26,10,40,30.0,IN_STOCK,2025-12-17 09:00:00,2025-01-01 09:00:00,2025-01-01 09:00:00
36,2,18,25,2,23,10,40,30.0,IN_STOCK,2025-12-17 09:00:00,2025-01-01 09:00:00,2025-01-01 09:00:00
37,1,19,60,5,55,10,40,220.0,IN_STOCK,2025-12-17 09:00:00,2025-01-01 09:00:00,2025-01-01 09:00:00
38,2,19,45,3,42,10,40,220.0,IN_STOCK,2025-12-17 09:00:00,2025-01-01 09:00:00,2025-01-01 09:00:00
39,1,20,4,1,3,10,40,280.0,LOW_STOCK,2025-12-17 09:00:00,2025-01-01 09:00:00,2025-01-01 09:00:00
40,2,20,4,1,3,10,40,280.0,LOW_STOCK,2025-12-17 09:00:00,2025-01-01 09:00:00,2025-01-01 09:00:00
41,1,21,30,4,26,10,40,350.0,IN_STOCK,2025-12-17 09:00:00,2025-01-01 09:00:00,2025-01-01 09:00:00
42,2,21,25,2,23,10,40,350.0,IN_STOCK,2025-12-17 09:00:00,2025-01-01 09:00:00,2025-01-01 09:00:00
43,1,22,60,5,55,10,40,60.0,IN_STOCK,2025-12-17 09:00:00,2025-01-01 09:00:00,2025-01-01 09:00:00
44,2,22,45,3,42,10,40,60.0,IN_STOCK,2025-12-17 09:00:00,2025-01-01 09:00:00,2025-01-01 09:00:00
45,1,23,30,4,26,10,40,40.0,IN_STOCK,2025-12-17 09:00:00,2025-01-01 09:00:00,2025-01-01 09:00:00
46,2,23,25,2,23,10,40,40.0,IN_STOCK,2025-12-17 09:00:00,2025-01-01 09:00:00,2025-01-01 09:00:00
47,1,24,0,0,0,10,40,60.0,OUT_OF_STOCK,2025-12-17 09:00:00,2025-01-01 09:00:00,2025-01-01 09:00:00
48,2,24,0,0,0,10,40,60.0,OUT_OF_STOCK,2025-12-17 09:00:00,2025-01-01 09:00:00,2025-01-01 09:00:00
